Jenis_Tanah,Jenis_Tanaman,Jenis_Pupuk,Skor_Kesesuaian
Liat,Padi,Urea,8
Pasir,Padi,Urea,5
Liat,Gandum,Urea,6
Liat,Gandum,NPK,7
Merah,Tembakau,Urea,10
Liat,Tebu,Urea,5
Hitam,Tebu,Urea,7
Liat,Kacang Kacangan,Urea,3
Liat,Kacang Kacangan,NPK,7
Liat,Delima,Urea,1
Liat,Padi,NPK,7
Liat,Jagung,Urea,7
Hitam,Biji Minyak,Urea,7
Hitam,Milet,Urea,3
Hitam,Milet,NPK,5
Berpasir,Milet,Urea,3
Berpasir,Jagung,Urea,4
Merah,Kacang Tanah,Urea,9
Merah,Kedelai,Urea,5
Liat,Kapas,Urea,1
Hitam,Kapas,Urea,7
Liat,Kopi,Urea,6
Liat,Kopi,NPK,8
Liat,Semangka,TSP,10
Liat,Beras,TSP,9
Liat,Delima,TSP,5
Liat,Semangka,NPK,1
Pasir,Semangka,TSP,4
Liat,Delima,NPK,4
Pasir,Beras,TSP,4
Liat,Delima,Superfosfat,9
Gambut,Delima,Superfosfat,1
Pasir,Delima,Superfosfat,3
Liat,Delima,Kalium Sulfat,9
Hitam,Delima,Kalium Sulfat,7
Berpasir,Kapas,Kalium Sulfat,1
Liat,Kapas,Kalium Klorida,8
Berpasir,Semangka,DAP,2
Liat,Semangka,DAP,10
Liat,Gandum,DAP,1
Merah,Tembakau,DAP,4
Liat,Tebu,DAP,10
Gambut,Tebu,DAP,4
Hitam,Beras,DAP,6
Liat,Kacang Kacangan,DAP,7
Liat,Padi,DAP,10
Hitam,Biji Minyak,DAP,5
Berpasir,Milet,DAP,2
Berpasir,Jagung,DAP,3
Merah,Kacang Tanah,DAP,10
Merah,Padi,DAP,4
Merah,Jagung,DAP,7
Berpasir,Kapas,DAP,3
Liat,Kapas,DAP,10
Merah,Kapas,DAP,1
Merah,Kapas,NPK,10
Hitam,Kapas,DAP,10
Liat,Kapas,NPK,7
Berpasir,Kopi,DAP,6
Berpasir,Kopi,NPK,1
Berpasir,Jelai,DAP,6
Berpasir,Jelai,NPK,7
Liat,Gandum,28-28,2
Merah,Tembakau,28-28,5
Berpasir,Tembakau,28-28,8
Liat,Tembakau,28-28,3
Liat,Kacang Kacangan,28-28,2
Pasir,Kacang Kacangan,28-28,1
Liat,Padi,28-28,6
Hitam,Padi,28-28,2
Berpasir,Milet,28-28,4
Hitam,Milet,28-28,7
Berpasir,Jagung,28-28,3
Gambut,Jagung,28-28,1
Merah,Kacang Tanah,28-28,5
Hitam,Kapas,28-28,3
Berpasir,Jelai,28-28,8
Gambut,Jelai,28-28,9
Liat,Gandum,20-20,7
Hitam,Tebu,20-20,1
Liat,Tebu,20-20,10
Gambut,Tebu,20-20,1
Pasir,Tebu,20-20,6
Pasir,Kacang Kacangan,20-20,2
Liat,Kacang Kacangan,20-20,9
Liat,Padi,20-20,8
Hitam,Biji Minyak,20-20,10
Pasir,Biji Minyak,20-20,5
Berpasir,Milet,20-20,7
Gambut,Milet,20-20,1
Hitam,Milet,20-20,8
Merah,Kapas,20-20,2
Hitam,Tebu,17-17-17,1
Liat,Tebu,17-17-17,10
Gambut,Tebu,17-17-17,2
Berpasir,Jagung,17-17-17,3
Merah,Kacang Tanah,17-17-17,2
Merah,Kapas,17-17-17,8
Berpasir,Jelai,17-17-17,2
Liat,Kacang Merah,15-15-15,4
Liat,Kacang Merah,15-15-15,8
Pasir,Kacang Merah,15-15-15,6
Gambut,Kacang Merah,15-15-15,5
Liat,Gandum,14-35-14,7
Liat,Tebu,14-35-14,9
Liat,Kacang Kacangan,14-35-14,5
Gambut,Padi,14-35-14,6
Liat,Padi,14-35-14,8
Hitam,Biji Minyak,14-35-14,8
Berpasir,Biji Minyak,14-35-14,7
Berpasir,Jagung,14-35-14,7
Hitam,Kapas,14-35-14,7
Merah,Kapas,14-35-14,5
Liat,Kapas,14-35-14,4
Berpasir,Jelai,14-35-14,9
Liat,Jeruk,14-14-14,7
Pasir,Jeruk,14-14-14,6
Gambut,Jeruk,14-14-14,7
Hitam,Jeruk,14-14-14,8
Liat,Gandum,26/10/2026,6
Merah,Tembakau,26/10/2026,1
Gambut,Kacang Kacangan,26/10/2026,5
Liat,Kacang Kacangan,26/10/2026,6
Liat,Padi,26/10/2026,5
Berpasir,Jelai,26/10/2026,10
Berpasir,Jeruk,10/10/2010,6
Hitam,Jeruk,10/10/2010,8
Merah,Jeruk,10/10/2010,8
Liat,Kacang Merah,10/10/2010,2
Merah,Beras,Urea,7
Gambut,Beras,Urea,8
Pasir,Beras,Urea,6
Liat,Gandum,Urea,7
Pasir,Gandum,Urea,6
Merah,Gandum,Urea,7
Gambut,Gandum,Urea,6
Hitam,Gandum,Urea,8
Merah,Tembakau,Urea,5
Liat,Tebu,Urea,8
Gambut,Tebu,Urea,6
Hitam,Tebu,Urea,8
Merah,Tebu,Urea,7
Berpasir,Tebu,Urea,7
Hitam,Kacang Kacangan,Urea,7
Pasir,Kacang Kacangan,Urea,6
Pasir,Delima,Urea,6
Gambut,Delima,Urea,7
Gambut,Biji Minyak,Urea,7
Merah,Biji Minyak,Urea,5
Pasir,Biji Minyak,Urea,6
Hitam,Milet,Urea,4
Berpasir,Milet,Urea,6
Merah,Milet,Urea,8
Gambut,Milet,Urea,7
Berpasir,Jagung,Urea,7
Gambut,Jagung,Urea,6
Merah,Jagung,Urea,6
Merah,Kacang Tanah,Urea,4
Hitam,Kacang Tanah,Urea,10
Berpasir,Kacang Tanah,Urea,2
Liat,Kacang Tanah,Urea,1
Liat,Kapas,Urea,8
Merah,Kapas,Urea,2
Hitam,Kapas,Urea,6
Gambut,Kapas,Urea,3
Pasir,Kapas,Urea,7
Liat,Kopi,Urea,3
Merah,Kopi,Urea,2
Gambut,Kopi,Urea,5
Hitam,Kopi,Urea,1
Liat,Semangka,TSP,9
Gambut,Semangka,TSP,8
Hitam,Delima,TSP,8
Liat,Delima,TSP,9
Merah,Delima,TSP,6
Pasir,Semangka,TSP,3
Merah,Semangka,TSP,6
Liat,Beras,TSP,9
Merah,Beras,TSP,6
Hitam,Beras,TSP,7
Liat,Delima,Superfosfat,4
Hitam,Delima,Superfosfat,10
Pasir,Delima,Superfosfat,5
Merah,Delima,Superfosfat,6
Gambut,Delima,Kalium Sulfat,3
Hitam,Delima,Kalium Sulfat,10
Liat,Delima,Kalium Sulfat,1
Pasir,Delima,Kalium Sulfat,4
Gambut,Delima,Kalium Sulfat,6
Berpasir,Kapas,Kalium Sulfat,7
Merah,Kapas,Kalium Sulfat,4
Gambut,Kapas,Kalium Klorida,6
Liat,Kapas,Kalium Klorida,4
Berpasir,Kapas,Kalium Klorida,9
Liat,Semangka,DAP,7
Pasir,Semangka,DAP,8
Gambut,Semangka,DAP,5
Merah,Semangka,DAP,6
Liat,Beras,DAP,10
Pasir,Beras,DAP,3
Liat,Gandum,DAP,8
Merah,Gandum,DAP,5
Gambut,Gandum,DAP,7
Merah,Tembakau,DAP,9
Berpasir,Tembakau,DAP,7
Hitam,Tembakau,DAP,3
Liat,Tebu,DAP,6
Merah,Tebu,DAP,2
Gambut,Tebu,DAP,9
Gambut,Tebu,DAP,3
Hitam,Tebu,DAP,8
Hitam,Beras,DAP,8
Merah,Beras,DAP,8
Liat,Kacang Kacangan,DAP,10
Gambut,Kacang Kacangan,DAP,9
Merah,Kacang Kacangan,DAP,5
Hitam,Padi,DAP,7
Gambut,Padi,DAP,8
Berpasir,Padi,DAP,2
Hitam,Biji Minyak,DAP,1
Berpasir,Milet,DAP,7
Merah,Milet,DAP,9
Gambut,Milet,DAP,8
Merah,Kacang Tanah,DAP,6
Liat,Kacang Tanah,DAP,9
Hitam,Kacang Tanah,DAP,5
Berpasir,Kapas,DAP,2
Liat,Kapas,DAP,2
Gambut,Kapas,DAP,7
Hitam,Kapas,DAP,5
Merah,Kapas,DAP,8
Pasir,Kapas,DAP,2
Berpasir,Kopi,DAP,3
Merah,Kopi,DAP,4
Gambut,Kopi,DAP,8
Berpasir,Jelai,DAP,4
Hitam,Jelai,DAP,8
Merah,Jelai,DAP,5
Gambut,Jelai,DAP,9
Gambut,Karet,Urea,7
Hitam,Karet,Urea,8
Merah,Karet,Urea,6
Berpasir,Karet,Urea,7
Liat, Karet,Urea,6
Merah,Sawit,SP-18,7
Gambut,Sawit,SP-18,5
Liat,Sawit,SP-18,7
Hitam,Sawit,SP-18,8
Berpasir,Sawit,SP-18,6
